signal_time,entry_time,exit_time,side,symbol,qty_eth,entry_price,exit_price,atr,sl,tp,trail_active,trail_stop,gross_pnl,fees,net_pnl,reason,equity_after
2026-09-20T22:02:24.919072+00:00,2026-09-20T22:02:24.919072+00:00,2026-09-21T10:56:10.746876+00:00,LONG,IOTXUSDT,,0.0,0.0,,,,True,,9.09,0.2,8.89,ATR_TRAILING_SL,10006.92
2026-09-20T22:02:24.919072+00:00,2026-09-20T22:02:24.919072+00:00,2026-09-21T11:48:23.021004+00:00,LONG,ORDERUSDT,,0.04,0.04,,,,True,,6.42,0.2,6.22,ATR_TRAILING_SL,10013.24
2026-09-21T04:00:50.665204+00:00,2026-09-21T04:00:50.665204+00:00,2026-09-21T15:52:46.269060+00:00,LONG,ETHUSD_PERP,,2664.52,2709.83,,,,True,,45.31,2.15,43.16,ATR_TRAILING_SL,10057.26
2026-09-21T11:52:02.384246+00:00,2026-09-21T11:52:02.384246+00:00,2026-09-21T17:19:37.992719+00:00,LONG,LINKUSDT,,12.56,12.81,,,,True,,4.99,0.2,4.79,ATR_TRAILING_SL,10062.15
2026-09-21T11:52:02.384246+00:00,2026-09-21T11:52:02.384246+00:00,2026-09-21T17:51:28.748016+00:00,LONG,TAOUSDT,,271.95,280.39,,,,True,,7.75,0.2,7.55,ATR_TRAILING_SL,10069.81
2026-09-20T22:02:24.919072+00:00,2026-09-20T22:02:24.919072+00:00,2026-09-22T00:05:55.602312+00:00,LONG,DATAIPUSDT,,0.2,0.2,,,,True,,9.94,0.2,9.74,ATR_TRAILING_SL,10079.45
2026-09-20T22:02:24.919072+00:00,2026-09-20T22:02:24.919072+00:00,2026-09-22T01:34:39.785342+00:00,LONG,TRXUSDT,,0.34,0.34,,,,True,,1.31,0.2,1.11,ATR_TRAILING_SL,10080.65
2026-09-22T01:42:07.780912+00:00,2026-09-22T01:42:07.780912+00:00,2026-09-22T03:30:28.980750+00:00,LONG,1000PEPEUSDT,,0.0,0.0,,,,True,,9.86,0.2,9.66,ATR_TRAILING_SL,10090.21
2026-09-20T22:02:24.919072+00:00,2026-09-20T22:02:24.919072+00:00,2026-09-22T05:19:02.806997+00:00,LONG,BIRBUSDT,,0.06,0.07,,,,True,,11.21,0.2,11.01,ATR_TRAILING_SL,10100.13
2026-09-21T17:54:33.031661+00:00,2026-09-21T17:54:33.031661+00:00,2026-09-22T11:33:13.419829+00:00,LONG,QNTUSDT,,67.27,68.84,,,,True,,5.81,0.2,5.61,ATR_TRAILING_SL,10105.74
2026-09-21T17:54:33.031661+00:00,2026-09-21T17:54:33.031661+00:00,2026-09-22T17:19:27.666793+00:00,LONG,CYBERUSDT,,0.33,0.34,,,,True,,8.87,0.2,8.67,ATR_TRAILING_SL,10114.41
2026-09-22T08:00:04.798209+00:00,2026-09-22T08:00:04.798209+00:00,2026-09-23T01:21:46.206355+00:00,LONG,BIRBUSDT,,0.07,0.07,,,,True,,8.19,0.2,7.99,ATR_TRAILING_SL,10122.4
2026-09-20T22:02:24.919072+00:00,2026-09-20T22:02:24.919072+00:00,2026-09-23T03:43:56.541742+00:00,LONG,RSRUSDT,,0.0,0.0,,,,True,,12.02,0.2,11.82,ATR_TRAILING_SL,10134.32
2026-09-22T01:42:07.780912+00:00,2026-09-22T01:42:07.780912+00:00,2026-09-23T16:01:47.455867+00:00,LONG,BNBUSDT,,799.94,757.93,,,,False,,-13.13,0.19,-13.32,ATR_SL,10120.89
2026-09-23T13:14:50.046364+00:00,2026-09-23T13:14:50.046364+00:00,2026-09-25T00:28:17.647604+00:00,LONG,WAXPUSDT,,0.01,0.01,,,,True,,11.9,0.2,11.7,ATR_TRAILING_SL,10132.59
2026-09-22T05:16:33.972841+00:00,2026-09-22T05:16:33.972841+00:00,2026-09-25T11:08:28.232454+00:00,LONG,SOLUSDT,,116.79,118.88,,,,True,,4.47,0.2,4.27,ATR_TRAILING_SL,10136.87
2026-09-25T04:00:24.450270+00:00,2026-09-25T04:00:24.450270+00:00,2026-09-26T00:08:25.459485+00:00,LONG,WAXPUSDT,,0.01,0.01,,,,True,,8.89,0.2,8.69,ATR_TRAILING_SL,10145.56
2026-09-25T11:25:16.506323+00:00,2026-09-25T11:25:16.506323+00:00,2026-09-26T03:08:43.292792+00:00,LONG,ESPUSDT,,0.1,0.1,,,,True,,5.99,0.2,5.79,ATR_TRAILING_SL,10151.45
2026-09-26T11:39:34.592632+00:00,2026-09-26T11:39:34.592632+00:00,2026-09-26T15:54:21.305740+00:00,LONG,TAOUSDT,,313.7,324.85,,,,True,,35.52,0.81,34.71,ATR_TRAILING_SL,100029.11
2026-09-26T10:26:37.697308+00:00,2026-09-26T10:26:37.697308+00:00,2026-09-26T16:52:05.966768+00:00,LONG,GALAUSDT,,0.0,0.0,,,,True,,38.02,0.82,37.2,ATR_TRAILING_SL,100066.71
2026-09-26T10:26:37.697308+00:00,2026-09-26T10:26:37.697308+00:00,2026-09-27T09:03:59.722246+00:00,LONG,SOLVUSDT,,0.0,0.0,,,,True,,26.28,0.81,25.47,ATR_TRAILING_SL,100025.87
2026-09-26T10:25:23.122342+00:00,2026-09-26T10:25:23.122342+00:00,2026-09-28T01:49:52.644041+00:00,LONG,FLUIDUSDT,,1.44,1.48,,,,True,,24.15,0.81,23.34,ATR_TRAILING_SL,100049.22
